{
  "$id": "hello_world.json",
  "$schema": "http://json-schema.org/draft-07/schema#",
  "title": "This JSON Schema file was generated from hello_world.xsd on Tue Aug 11 2020 15:30:57 GMT+0530 (India Standard Time).  For more information please see http://www.xsd2jsonschema.org",
  "description": "Schema tag attributes: xmlns:xs='http://www.w3.org/2001/XMLSchema'",
  "properties": {
    "C": {
      "$ref": "#/definitions/C"
    },
    "Char_20": {
      "$ref": "#/definitions/Char_20"
    }
  },
  "type": "object",
  "anyOf": [
    {
      "required": [
        "C"
      ]
    },
    {
      "required": [
        "Char_20"
      ]
    }
  ],
  "definitions": {
    "C": {
      "minLength": 1,
      "type": "string"
    },
    "Char_20": {
      "allOf": [
        {
          "$ref": "#/definitions/C"
        },
        {
          "maxLength": 20,
          "minLength": 1
        }
      ]
    }
  }
}